{
  "source_tasks": [
    {
      "a": 1.34,
      "b": 0.14,
      "c": 1.42,
      "r": 5.52,
      "s": 10.05,
      "t": 0.04
    },
    {
      "a": 1.28,
      "b": 0.12,
      "c": 1.48,
      "r": 6.17,
      "s": 11.63,
      "t": 0.04
    },
    {
      "a": 0.78,
      "b": 0.14,
      "c": 1.62,
      "r": 5.5,
      "s": 11.64,
      "t": 0.05
    },
    {
      "a": 1.31,
      "b": 0.15,
      "c": 1.31,
      "r": 6.46,
      "s": 11.6,
      "t": 0.04
    },
    {
      "a": 0.97,
      "b": 0.11,
      "c": 1.43,
      "r": 6.22,
      "s": 11.65,
      "t": 0.05
    },
    {
      "a": 0.98,
      "b": 0.14,
      "c": 1.26,
      "r": 6.61,
      "s": 10.19,
      "t": 0.03
    },
    {
      "a": 1.22,
      "b": 0.12,
      "c": 1.82,
      "r": 6.34,
      "s": 8.0,
      "t": 0.04
    },
    {
      "a": 1.37,
      "b": 0.11,
      "c": 1.33,
      "r": 6.74,
      "s": 8.76,
      "t": 0.04
    },
    {
      "a": 0.74,
      "b": 0.15,
      "c": 1.8,
      "r": 5.9,
      "s": 8.32,
      "t": 0.04
    },
    {
      "a": 1.01,
      "b": 0.15,
      "c": 1.11,
      "r": 6.1,
      "s": 10.83,
      "t": 0.04
    }
  ],
  "target_tasks": [
    {
      "a": 1.31,
      "b": 0.13,
      "c": 1.96,
      "r": 6.21,
      "s": 10.35,
      "t": 0.04
    },
    {
      "a": 1.1,
      "b": 0.12,
      "c": 1.58,
      "r": 5.58,
      "s": 8.76,
      "t": 0.03
    },
    {
      "a": 1.11,
      "b": 0.13,
      "c": 1.48,
      "r": 5.18,
      "s": 11.03,
      "t": 0.05
    },
    {
      "a": 1.42,
      "b": 0.14,
      "c": 1.9,
      "r": 6.85,
      "s": 10.16,
      "t": 0.04
    },
    {
      "a": 1.21,
      "b": 0.11,
      "c": 1.81,
      "r": 6.7,
      "s": 11.58,
      "t": 0.04
    },
    {
      "a": 1.45,
      "b": 0.13,
      "c": 1.45,
      "r": 6.32,
      "s": 11.99,
      "t": 0.05
    },
    {
      "a": 1.29,
      "b": 0.1,
      "c": 1.61,
      "r": 5.97,
      "s": 10.52,
      "t": 0.05
    },
    {
      "a": 0.74,
      "b": 0.14,
      "c": 1.12,
      "r": 5.44,
      "s": 11.18,
      "t": 0.04
    },
    {
      "a": 1.32,
      "b": 0.11,
      "c": 1.15,
      "r": 6.4,
      "s": 8.18,
      "t": 0.04
    },
    {
      "a": 1.41,
      "b": 0.13,
      "c": 1.68,
      "r": 5.05,
      "s": 10.54,
      "t": 0.04
    }
  ]
}